weight,calories,workout1,workout2,workout3,workout4,workout5,workout6,change
67.28079997,1450,0,0,0,0,1,0,-0.850485693
66.43031428,2100,1,0,0,0,0,0,0.226796185
66.65711046,2000,0,0,0,1,0,0,0
66.65711046,1350,0,0,0,0,1,0,-1.133980924
65.52312954,2400,0,0,0,0,0,1,0.396893323
65.92002286,3100,0,1,0,0,0,0,0.396893323
66.31691619,1900,0,0,1,0,0,0,-0.056699046
66.26021714,2600,0,0,0,0,1,0,0.170097139
66.43031428,1700,0,0,0,0,1,0,-0.226796185
